証券コード,企業名,アクティビスト名,種別,保有割合推移,備考
6927,ヘリオステクノHD,NIPPON ACTIVE VALUE FUND PLC (NAVF),英国アクティビスト,"24/08/05: 5.53% → 24/10/01: 5.82% → 24/10/25: 6.33% → 24/11/06: 7.50% → 24/12/05: 7.94% → 24/12/20: 8.34% → 25/01/02: 8.34% → 25/01/17: 8.71% → 25/05/14: 8.77% → 25/05/23: 9.25% → 25/06/17: 9.73% → 25/09/04: 9.73% → 26/04/01: 9.73%",NAVF Select・ダルトンと共同保有。3者合計28.73%（26/04/01時点）
6927,ヘリオステクノHD,NAVF Select LLC,英国アクティビスト,"24/08/05: 2.19% → 24/10/01: 2.52% → 24/10/25: 2.69% → 24/11/06: 3.08% → 24/12/05: 3.23% → 24/12/20: 3.36% → 25/01/02: 3.36% → 25/01/17: 3.49% → 25/05/14: 3.51% → 25/05/23: 4.11% → 25/06/17: 4.71% → 25/09/04: 5.75% → 26/04/01: 6.05%",NAVF共同保有者。継続的に買い増し
6927,ヘリオステクノHD,ダルトン・インベストメンツ,米国アクティビスト,"24/08/05: 8.73% → 24/10/01: 9.11% → 24/10/25: 9.63% → 24/11/06: 10.61% → 24/12/05: 11.05% → 24/12/20: 11.69% → 25/01/02: 11.70% → 25/01/17: 12.26% → 25/05/14: 12.74% → 25/05/23: 12.74% → 25/06/17: 12.95% → 25/09/04: 12.95% → 26/04/01: 12.95%",NAVF共同保有者。筆頭アクティビスト
6927,ヘリオステクノHD,Black Clover Limited,英国ファンド,"25/01/15: 6.62% → 25/02/28: 5.17% → 25/03/06: 4.13%",5%割れで減少傾向。撤退の可能性
4886,あすか製薬HD,NIPPON ACTIVE VALUE FUND PLC (NAVF),英国アクティビスト,"23/12/31: 3.63% → 24/03/28: 4.16% → 24/04/08: 4.86% → 24/07/11: 4.96% → 24/08/05: 5.19% → 24/09/10: 5.34% → 24/10/08: 5.49% → 24/10/30: 5.59% → 24/11/25: 5.74% → 24/11/28: 6.30% → 25/01/02: 6.80% → 25/01/23: 7.45% → 25/02/26: 7.66% → 25/03/21: 8.22% → 25/05/02: 8.34% → 26/04/01: 8.34%",NAVF Select・ダルトンと共同保有。3者合計21.32%（26/04/01時点）
4886,あすか製薬HD,NAVF Select LLC,英国アクティビスト,"23/12/31: 1.38% → 24/03/28: 1.48% → 24/04/08: 1.63% → 24/07/11: 1.65% → 24/08/05: 1.66% → 24/09/10: 1.68% → 24/10/08: 1.93% → 24/10/30: 2.10% → 24/11/25: 2.26% → 24/11/28: 2.34% → 25/01/02: 2.42% → 25/01/23: 2.51% → 25/02/26: 2.55% → 25/03/21: 2.72% → 25/05/02: 2.85% → 26/04/01: 2.95%",NAVF共同保有者
4886,あすか製薬HD,ダルトン・インベストメンツ,米国アクティビスト,"23/12/31: 0.52% → 24/03/28: 0.90% → 24/04/08: 1.21% → 24/07/11: 2.10% → 24/08/05: 2.91% → 24/09/10: 3.78% → 24/10/08: 4.40% → 24/10/30: 5.14% → 24/11/25: 5.87% → 24/11/28: 6.26% → 25/01/02: 6.67% → 25/01/23: 6.96% → 25/02/26: 7.73% → 25/03/21: 8.50% → 25/05/02: 9.30% → 26/04/01: 10.03%",NAVF共同保有者。0.52%→10.03%に急増。最も積極的な買い増し
4549,栄研化学,NIPPON ACTIVE VALUE FUND PLC (NAVF),英国アクティビスト,"24/08/21: 6.74% → 24/09/24: 7.07% → 24/10/18: 7.39% → 24/11/07: 7.78% → 24/11/21: 8.30% → 25/01/02: 8.30% → 25/02/03: 8.30% → 25/02/21: 8.30% → 25/05/27: 8.38% → 25/07/10: 8.40% → 25/11/06: 8.48% → 25/11/14: 9.46% → 26/04/01: 9.46%",ダルトンと共同保有。2者合計29.21%（26/04/01時点）
4549,栄研化学,ダルトン・インベストメンツ,米国アクティビスト,"24/08/21: 9.47% → 24/09/24: 10.15% → 24/10/18: 10.85% → 24/11/07: 12.07% → 24/11/21: 12.07% → 24/12/13: 13.10% → 25/01/02: 13.19% → 25/02/03: 14.21% → 25/02/21: 15.28% → 25/05/27: 16.15% → 25/07/10: 16.15% → 25/11/06: 17.70% → 25/11/14: 19.75% → 26/04/01: 19.75%",NAVF共同保有者。栄研化学の筆頭株主級。積極的買い増し継続
4549,栄研化学,アセット・バリュー・インベスターズ (AVI),英国ファンド,"24/03/11: 5.01% → 25/09/08: 6.01% → 25/11/26: 7.37%",NAVF・ダルトンと同調して買い増し
4626,太陽HD,Oasis Management Company,香港アクティビスト,"25/02/10: 8.00% → 25/03/25: 10.57% → 25/06/13: 13.00% → 25/06/18: 14.89% → 26/03/31: 14.88%",14.88%で横ばい。社長佐藤氏否決後は安定
4626,太陽HD,みさき投資,国内アクティビスト,"21/12/01: 7.25% → 23/12/18: 6.22% → 25/01/08: 4.16%",減少傾向（売却）。25/01以降新たな報告なし
4626,太陽HD,セレクト・エクイティ,ファンド,"26/03/31: 5.01%",新規参入（5%超え）
3593,ホギメディカル,ダルトン・インベストメンツ,米国アクティビスト,"23/12/31: 5.58% → 24/02/29: 5.60% → 24/04/25: 5.74% → 24/06/11: 6.72% → 24/06/24: 7.49% → 24/06/26: 8.02% → 24/07/01: 8.56% → 24/07/02: 9.76% → 24/07/29: 11.01% → 24/08/15: 11.95% → 24/10/24: 12.72% → 24/11/15: 13.36% → 25/01/02: 13.65% → 25/01/08: 13.94% → 25/01/31: 14.29% → 25/04/01: 15.06% → 25/05/23: 15.17% → 25/12/17: 15.17% → 26/03/02: 0%",★26/03/02に全株売却。5.58%→15.17%まで買い増し後、完全撤退
3593,ホギメディカル,NIPPON ACTIVE VALUE FUND PLC (NAVF),英国アクティビスト,"25/01/02: 7.03% → 25/01/08: 7.64% → 25/01/31: 8.21% → 25/04/01: 8.42% → 25/05/23: 8.58% → 25/06/20: 8.58% → 25/12/17: 8.58% → 26/03/02: 0%",★26/03/02に全株売却。ダルトンと同日に完全撤退
3593,ホギメディカル,Goodhart Partners LLP,英国ファンド,"24/12/13: 11.03% → 25/03/05: 9.06%",減少傾向
3593,ホギメディカル,TCG2509（TOB主体）,TOB,"最新: 83.83%",非公開化TOB完了。ダルトン・NAVF撤退はTOB応募による可能性大
6201,豊田自動織機,エリオット・インベストメント・マネジメント,米国ヘッジファンド,"25/12/03: 5.01% → 26/01/15: 6.65% → 26/02/02: 7.14% → 26/03/01: 7.14% → 26/03/23: 0%",★26/03/23に全株売却。約4ヶ月で完全撤退。TOB応募による売却と推定
6201,豊田自動織機,トヨタ自動車,親会社,"25/06/03: 22.74% → 25/06/20: 22.74% → 26/03/23: 22.74%",非公開化TOB進行中。保有比率安定
7201,日産自動車,ルノー,仏自動車メーカー,"22/06/01: 43.40% → 23/07/26: 43.40% → 23/12/13: 38.40% → 24/03/27: 40.42% → 24/03/28: 37.95% → 24/09/26: 38.92% → 24/09/27: 33.92% → 24/10/03: 35.71% → 25/03/31: 35.71%",43.4%→35.71%に段階的売却。25/03/31以降変動なし
3646,駅探,Bold Investment,アクティビスト,"21/08/18: 24.93% → 21/10/01: 24.93% → 21/11/17: 24.93% → 23/06/22: 28.24% → 23/07/10: 28.24%",筆頭株主として28.24%保有維持。23/07以降変動なし
7937,ツツミ,堤 倭子（創業家）,創業家,"23/06/23: 51.21%",創業者交代に伴う株式移動。以降変動なし
2267,ヤクルト本社,ダルトン・インベストメンツ,米国アクティビスト,大量保有報告書での5%超開示なし,5%未満での株主提案
8795,T&Dホールディングス,ファラロン（Taransay Funding名義）,米国ヘッジファンド,大量保有報告書での5%超開示なし,5%未満での株主提案
9377,エージーピー,日本航空（JAL）,事業会社,"12/03/28: 33.34% → 19/11/08: 33.34% → 22/12/23: 29.97% → 25/04/24: 30.46%",JAL保有は30.46%。ANA HD 18.29%・日本空港ビルデング24.5%も大株主
