証券コード,企業名,大量保有報告書,保有者数,保有者一覧,トリガー条件
1379,ホクト株式会社,あり,1,ＡＡＧＳ　Ｉｎｖｅｓｔｍｅｎｔ，　Ｉｎｃ．(13.5%),A:賛成率低下
1384,株式会社　ホクリヨウ,あり,1,みずほ証券株式会社(0.0%),B:新規株主提案
1417,株式会社ミライト・ワン,あり,3,三井住友信託銀行株式会社(0.2%) / 住友電気工業株式会社(4.0%) / 株式会社みずほ銀行(1.4%),A:賛成率低下 + C:会社提案否決
1515,日鉄鉱業株式会社,あり,4,公益財団法人日鉄鉱業奨学会(7.7%) / 日本製鉄株式会社(9.8%) / 株式会社みずほ銀行(3.7%) / Ｃｏｎｔｉｎｅｎｔａｌ　Ｇｅｎｅｒａｌ　Ｉｎｓｕｒａｎｃｅ　Ｃｏｍｐａｎｙ(8.6%),A:賛成率低下
1662,石油資源開発株式会社,あり,1,オービス・インベストメント・マネジメント・リミテッド(4.9%),A:賛成率低下
1721,コムシスホールディングス株式会社,あり,7,シルチェスター・インターナショナル・インベスターズ・エルエルピー(4.7%) / 三井住友トラスト・アセットマネジメント株式会社(4.1%) / 大和アセットマネジメント株式会社(5.1%) / 株式会社三菱ＵＦＪフィナンシャル・グループ(1.9%) / 野村アセットマネジメント株式会社(0.4%) / 野村證券株式会社(1.1%) / Ｏａｓｉｓ　Ｍａｎａｇｅｍｅｎｔ　Ｃｏｍｐａｎｙ　Ｌｔｄ．(6.3%),B:新規株主提案
1786,オリエンタル白石株式会社,あり,3,エフィッシモ　キャピタル　マネージメント　ピーティーイー　エルティーディー（Ｅｆｆｉｓｓｉｍｏ　Ｃａｐｉｔａｌ　Ｍａｎａｇｅｍｅｎｔ　Ｐｔｅ　Ｌｔｄ）(11.8%) / 伊藤忠商事株式会社(18.1%) / 野村證券株式会社(1.3%),A:賛成率低下
1803,清水建設株式会社,あり,4,ブラックロック・ジャパン株式会社(1.5%) / 清水地所株式会社(11.5%) / 社会福祉法人清水基金(5.2%) / 野村證券株式会社(0.2%),A:賛成率低下
1815,鉄建建設株式会社,あり,1,三井住友ＤＳアセットマネジメント株式会社(4.9%),A:賛成率低下
1860,戸田建設株式会社,あり,3,シルチェスター・インターナショナル・インベスターズ・エルエルピー(4.9%) / 大一殖産株式会社(13.5%) / 株式会社三菱ＵＦＪフィナンシャル・グループ(1.8%),A:賛成率低下
1921,株式会社　巴コーポレーション,あり,5,三井住友ＤＳアセットマネジメント株式会社(1.6%) / 株式会社みずほ銀行(5.2%) / 株式会社三菱ＵＦＪフィナンシャル・グループ(5.2%) / Ｂｅ　Ｂｒａｖｅ株式会社(9.4%) / Ｂｌａｃｋ　Ｃｌｏｖｅｒ　Ｌｉｍｉｔｅｄ(1.5%),A:賛成率低下
1951,エクシオグループ株式会社,あり,6,シュローダー・インベストメント・マネジメント株式会社(4.0%) / シルチェスター・インターナショナル・インベスターズ・エルエルピー(4.9%) / フィデリティ投信株式会社(6.3%) / 三井住友信託銀行株式会社(1.8%) / 株式会社みずほ銀行(0.9%) / 野村證券株式会社(0.1%),A:賛成率低下 + C:会社提案否決
1961,三機工業株式会社,あり,2,キャピタル・リサーチ・アンド・マネージメント・カンパニー(5.3%) / 日本生命保険相互会社(4.0%),A:賛成率低下
1975,株式会社朝日工業社,あり,2,吉川　甲子次郎(4.3%) / 齋藤　敬一郎(4.4%),A:賛成率低下
1976,明星工業株式会社,あり,6,三井住友信託銀行株式会社(1.8%) / 株式会社三菱ＵＦＪフィナンシャル・グループ(2.5%) / 野村アセットマネジメント株式会社(0.2%) / ＦＭＲ　ＬＬＣ(3.3%) / ＮＩＰＰＯＮ　ＡＣＴＩＶＥ　ＶＡＬＵＥ　ＦＵＮＤ　ＰＬＣ(8.0%) / ＳＭＢＣ日興証券株式会社(0.0%),B:新規株主提案
2002,株式会社日清製粉グループ本社,あり,4,三井住友信託銀行株式会社(0.4%) / 日本生命保険相互会社(6.8%) / 株式会社みずほ銀行(3.2%) / 野村アセットマネジメント株式会社(0.0%),A:賛成率低下
2204,株式会社中村屋,あり,4,奥田　弘男(0.0%) / 岡　敬太郎(11.3%) / 株式会社みずほ銀行(4.9%) / 株式会社三菱ＵＦＪフィナンシャル・グループ(1.9%),A:賛成率低下
2229,カルビー株式会社,あり,3,一般社団法人幹の会(13.1%) / Ｏａｓｉｓ　Ｍａｎａｇｅｍｅｎｔ　Ｃｏｍｐａｎｙ　Ｌｔｄ．(7.1%) / Ｔ．Ｒｏｗｅ　Ｐｒｉｃｅ　Ａｓｓｏｃｉａｔｅｓ，Ｉｎｃ．(0.1%),A:賛成率低下
2269,明治ホールディングス株式会社,あり,5,ブラックロック・ジャパン株式会社(1.8%) / 三井住友トラスト・アセットマネジメント株式会社(2.8%) / 三井住友信託銀行株式会社(0.0%) / 株式会社三菱ＵＦＪフィナンシャル・グループ(0.0%) / 野村アセットマネジメント株式会社(0.5%),B:新規株主提案
2327,日鉄ソリューションズ株式会社,あり,2,マサチューセッツ・ファイナンシャル・サービセズ・カンパニー(3.6%) / ３Ｄ　Ｉｎｖｅｓｔｍｅｎｔ　Ｐａｒｔｎｅｒｓ　Ｐｔｅ．　Ｌｔｄ．(9.4%),A:賛成率低下 + C:会社提案否決
2329,株式会社東北新社,あり,2,株式会社ＮＡＭＣ(7.8%) / ３Ｄ　Ｉｎｖｅｓｔｍｅｎｔ　Ｐａｒｔｎｅｒｓ　Ｐｔｅ．　Ｌｔｄ．(17.4%),A:賛成率低下
2371,株式会社カカクコム,あり,5,株式会社デジタルガレージ(20.6%) / 野村アセットマネジメント株式会社(0.3%) / 野村證券株式会社(0.9%) / ＫＤＤＩ株式会社(17.7%) / Ｏａｓｉｓ　Ｍａｎａｇｅｍｅｎｔ　Ｃｏｍｐａｎｙ　Ｌｔｄ．(19.5%),A:賛成率低下
2395,株式会社新日本科学,あり,3,アセットマネジメントＯｎｅ株式会社(5.0%) / 三井住友ＤＳアセットマネジメント株式会社(5.5%) / Ｎａｇａｔａ　ａｎｄ　Ｃｏｍｐａｎｙ株式会社(40.3%),A:賛成率低下
2531,宝ホールディングス株式会社,あり,6,モルガン・スタンレーＭＵＦＧ証券株式会社(1.7%) / 三井住友信託銀行株式会社(1.4%) / 株式会社みずほ銀行(4.9%) / 農林中央金庫(3.9%) / 野村證券株式会社(0.8%) / ＶａｌｕｅＡｃｔ　Ｃａｐｉｔａｌ　Ｍａｎａｇｅｍｅｎｔ，　Ｌ．Ｐ．(0.0%),A:賛成率低下
2664,株式会社カワチ薬品,あり,1,カナメ・キャピタル・エルピー（Ｋａｎａｍｅ　Ｃａｐｉｔａｌ，Ｌ．Ｐ．）(5.0%),B:新規株主提案
2670,株式会社エービーシー・マート,あり,1,合同会社イーエム・プランニング(49.9%),A:賛成率低下
2685,株式会社アンドエスティＨＤ,あり,2,ウエリントン・マネージメント・カンパニー・エルエルピー(3.4%) / 三井住友トラスト・アセットマネジメント株式会社(1.4%),A:賛成率低下
2686,株式会社ジーフット,なし,,,A:賛成率低下
2730,株式会社エディオン,あり,2,株式会社三菱ＵＦＪフィナンシャル・グループ(1.0%) / 野村證券株式会社(1.5%),A:賛成率低下
2782,株式会社セリア,あり,3,スプラウスグローブインベストメントマネジメントリミテッド(4.8%) / 株式会社ヒロコーポレーション(13.9%) / 河合　宏光(0.0%),A:賛成率低下
2805,ヱスビー食品株式会社,あり,2,三井住友ＤＳアセットマネジメント株式会社(3.5%) / 山崎　由真子(2.9%),A:賛成率低下
2875,東洋水産株式会社,あり,3,マサチューセッツ・ファイナンシャル・サービセズ・カンパニー(6.4%) / 三井住友信託銀行株式会社(0.3%) / 野村アセットマネジメント株式会社(0.1%),A:賛成率低下 + B:新規株主提案
2908,フジッコ株式会社,あり,2,株式会社三菱ＵＦＪフィナンシャル・グループ(3.0%) / 福井　正一(0.0%),A:賛成率低下
3034,クオールホールディングス株式会社,あり,3,モルガン・スタンレー・アンド・カンパニー・インターナショナル・ピーエルシー(7.0%) / モルガン・スタンレーＭＵＦＧ証券株式会社(4.7%) / ＷＩＬＬ　ＦＩＥＬＤ　ＣＡＰＩＴＡＬ　ＰＴＥ　ＬＴＤ(17.7%),A:賛成率低下
3079,ディーブイエックス株式会社,あり,1,光通信株式会社(7.2%),C:会社提案否決
3106,倉敷紡績株式会社,あり,3,アセット・バリュー・インベスターズ・リミテッド(5.0%) / 三井住友信託銀行株式会社(1.7%) / 株式会社三菱ＵＦＪフィナンシャル・グループ(0.9%),B:新規株主提案
3109,シキボウ株式会社,あり,1,野村證券株式会社(2.6%),A:賛成率低下
3183,ウイン・パートナーズ株式会社,あり,3,シンフォニー・フィナンシャル・パートナーズ（シンガポール）ピーティーイー・リミテッド(0.0%) / 秋沢　英海(2.9%) / Ｆｉｄｅｌｉｔｙ　Ｍａｎａｇｅｍｅｎｔ　＆　Ｒｅｓｅａｒｃｈ　Ｃｏｍｐａｎｙ　ＬＬＣ(7.9%),A:賛成率低下
3237,株式会社イントランス,あり,4,ディライトワークス株式会社(16.0%) / 合同会社インバウンドインベストメント(0.0%) / 和德投資有限公司(11.6%) / ＺＵＵ　Ｆｕｎｄｅｒｓ株式会社(33.3%),A:賛成率低下
331A,株式会社メディックス,あり,4,小谷中　一樹(6.4%) / 小谷中　茂樹(14.8%) / 水野　昌広(15.1%) / 田中　正則(7.0%),A:賛成率低下 + C:会社提案否決
3401,帝人株式会社,あり,7,イーストスプリング・インベストメンツ（シンガポール）リミテッド(4.0%) / エフィッシモ　キャピタル　マネージメント　ピーティーイー　エルティーディー（Ｅｆｆｉｓｓｉｍｏ　Ｃａｐｉｔａｌ　Ｍａｎａｇｅｍｅｎｔ　Ｐｔｅ　Ｌｔｄ）(19.3%) / ゴールドマン・サックス証券株式会社(0.4%) / 三井住友トラスト・アセットマネジメント株式会社(3.3%) / 日本生命保険相互会社(3.6%) / 株式会社三菱ＵＦＪフィナンシャル・グループ(0.4%) / 野村アセットマネジメント株式会社(0.1%),A:賛成率低下
3409,株式会社北紡,あり,4,ミツワ樹脂工業株式会社(55.0%) / 松井証券株式会社(4.0%) / 株式会社スカイサルーントラベル(7.0%) / ＰＴ　ＡＳＩＡ　ＰＬＡＳＴＩＫ　ＶＩＫＴＯＲＩ(58.0%),C:会社提案否決
3569,セーレン株式会社,あり,6,三井住友トラスト・アセットマネジメント株式会社(2.4%) / 三井住友ＤＳアセットマネジメント株式会社(10.0%) / 株式会社みずほ銀行(0.0%) / 野村證券株式会社(0.5%) / Ｏａｓｉｓ　Ｍａｎａｇｅｍｅｎｔ　Ｃｏｍｐａｎｙ　Ｌｔｄ．(0.7%) / ＳＭＢＣ日興証券株式会社(0.8%),A:賛成率低下
3608,株式会社ＴＳＩホールディングス,あり,4,アセット・バリュー・インベスターズ・リミテッド(0.3%) / 三宅　孝彦(1.9%) / 株式会社みずほ銀行(4.6%) / 株式会社三井住友銀行(3.5%),A:賛成率低下
3635,株式会社コーエーテクモホールディングス,あり,5,みずほ証券株式会社(1.0%) / アヤル・ファースト・インベストメント・カンパニー(9.3%) / パブリック・インベストメント・ファンド(0.0%) / 柿原　健晴(0.2%) / 襟川　陽一(0.0%),A:賛成率低下
3661,株式会社エムアップホールディングス,あり,10,アセットマネジメントＯｎｅ株式会社(4.5%) / ニュートン・インベストメント・マネジメント・ジャパン株式会社(3.4%) / フィデリティ投信株式会社(2.0%) / モルガン・スタンレーＭＵＦＧ証券株式会社(2.3%) / 三井住友トラスト・アセットマネジメント株式会社(1.8%) / 美藤　宏一郎(12.0%) / 野村アセットマネジメント株式会社(1.1%) / ＦＭＲ　ＬＬＣ(2.1%) / Ｆｉｄｅｌｉｔｙ　Ｍａｎａｇｅｍｅｎｔ　＆　Ｒｅｓｅａｒｃｈ　Ｃｏｍｐａｎｙ　ＬＬＣ(1.2%) / ＪＰモルガン証券株式会社(3.5%),A:賛成率低下 + C:会社提案否決
3678,株式会社メディアドゥ,あり,2,光通信株式会社(8.4%) / 藤田　恭嗣(16.3%),A:賛成率低下
3778,さくらインターネット株式会社,あり,6,オービス・インベストメント・マネジメント・リミテッド(1.2%) / モルガン・スタンレーＭＵＦＧ証券株式会社(1.8%) / 双日株式会社(14.2%) / 田中邦裕(2.9%) / 野村證券株式会社(1.8%) / ＳＭＢＣ日興証券株式会社(0.2%),A:賛成率低下
3803,イメージ情報開発株式会社,あり,7,サイブリッジ合同会社(38.5%) / 中村　義巳(0.0%) / 代永衛(5.3%) / 株式会社イメージ企画(18.1%) / 株式会社ミヤマ(8.6%) / 株式会社ＪＢＦアドバイザリー(0.0%) / 株式会社ＮＢＩ(5.9%),A:賛成率低下
3837,アドソル日進株式会社,あり,4,日本プロセス株式会社(0.0%) / 東京海上アセットマネジメント株式会社(4.7%) / ＦＭＲ　ＬＬＣ(5.2%) / Ｆｉｄｅｌｉｔｙ　Ｍａｎａｇｅｍｅｎｔ　＆　Ｒｅｓｅａｒｃｈ　Ｃｏｍｐａｎｙ　ＬＬＣ(1.9%),C:会社提案否決
3880,大王製紙株式会社,あり,2,北越コーポレーション株式会社(18.1%) / 大王海運株式会社(6.6%),A:賛成率低下 + C:会社提案否決
3932,株式会社アカツキ,あり,5,ソニーグループ株式会社(1.0%) / ブランデス・インベストメント・パートナーズ・エル・ピー(5.2%) / 塩田元規(3.1%) / 株式会社コーエーテクモホールディングス(0.0%) / 香田哲朗(13.4%),A:賛成率低下
3963,株式会社シンクロ・フード,あり,5,アセット・バリュー・インベスターズ・リミテッド(27.7%) / グランジャー・ピーク・グローバル・アドバイザーズ・エルエルシー(4.7%) / 藤代　真一(6.4%) / ＬＩＭ　Ａｄｖｉｓｏｒｓ　Ｌｉｍｉｔｅｄ(13.1%) / ＶＩＳ　Ａｄｖｉｓｏｒｓ，ＬＰ(9.9%),A:賛成率低下 + B:新規株主提案 + C:会社提案否決
4005,住友化学株式会社,あり,3,ブラックロック・ジャパン株式会社(1.8%) / 三井住友トラスト・アセットマネジメント株式会社(3.1%) / 三井住友信託銀行株式会社(0.0%),A:賛成率低下 + C:会社提案否決
4023,株式会社クレハ,あり,5,モラント・ライト・マネジメント・リミテッド(4.0%) / レオス・キャピタルワークス株式会社(3.7%) / 明治安田生命保険相互会社(7.9%) / 株式会社みずほ銀行(3.0%) / 株式会社エスグラントコーポレーション(1.6%),A:賛成率低下
4027,テイカ株式会社,あり,5,光通信株式会社(3.2%) / 株式会社みずほ銀行(4.2%) / 株式会社ＤＯＥ５パーセント(1.2%) / 植島　幹九郎(3.8%) / ＳＡＭＡＲＡＮＧ　ＵＣＩＴＳ(4.4%),A:賛成率低下
4078,堺化学工業株式会社,あり,9,みずほ証券株式会社(0.3%) / シンプレクス・アセット・マネジメント株式会社(5.0%) / ゼナーアセットマネジメントエルエルピー(5.0%) / 三井住友トラスト・アセットマネジメント株式会社(3.0%) / 三井住友ＤＳアセットマネジメント株式会社(5.0%) / 株式会社三菱ＵＦＪフィナンシャル・グループ(1.2%) / 野村アセットマネジメント株式会社(0.2%) / 野村證券株式会社(0.1%) / ＳＨ　Ｉｎｖｅｓｔｍｅｎｔ，　Ｉｎｃ(13.7%),A:賛成率低下
4109,ステラケミファ株式会社,あり,1,ＮＩＰＰＯＮ　ＡＣＴＩＶＥ　ＶＡＬＵＥ　ＦＵＮＤ　ＰＬＣ(4.0%),A:賛成率低下 + C:会社提案否決
4113,田岡化学工業株式会社,なし,,,A:賛成率低下
4116,大日精化工業株式会社,あり,2,三井住友トラスト・アセットマネジメント株式会社(3.0%) / 株式会社三菱ＵＦＪフィナンシャル・グループ(2.0%),A:賛成率低下
4179,株式会社ジーネクスト,あり,3,株式会社舞花(22.3%) / 株式会社ＣＡＲＰＥ　ＤＩＥＭ(4.1%) / 横治　祐介(8.6%),A:賛成率低下
4183,三井化学株式会社,あり,5,ブラックロック・ジャパン株式会社(1.8%) / 三井住友信託銀行株式会社(0.0%) / 株式会社みずほ銀行(0.0%) / 株式会社三菱ＵＦＪフィナンシャル・グループ(2.2%) / 野村證券株式会社(0.2%),A:賛成率低下
4216,旭有機材株式会社,あり,1,キャピタル・リサーチ・アンド・マネージメント・カンパニー(2.8%),A:賛成率低下
4240,クラスターテクノロジー株式会社,なし,,,A:賛成率低下
4452,花王株式会社,あり,7,ブラックロック・ジャパン株式会社(2.2%) / 三井住友トラスト・アセットマネジメント株式会社(2.8%) / 株式会社三菱ＵＦＪフィナンシャル・グループ(2.2%) / 野村アセットマネジメント株式会社(0.1%) / 野村證券株式会社(0.1%) / ＪＰモルガン・アセット・マネジメント株式会社(1.1%) / Ｏａｓｉｓ　Ｍａｎａｇｅｍｅｎｔ　Ｃｏｍｐａｎｙ　Ｌｔｄ．(12.6%),C:会社提案否決
4462,石原ケミカル株式会社,あり,3,シンプレクス・アセット・マネジメント株式会社(10.7%) / ＮＩＰＰＯＮ　ＡＣＴＩＶＥ　ＶＡＬＵＥ　ＦＵＮＤ　ＰＬＣ(1.3%) / ＳＭＢＣ日興証券株式会社(0.7%),A:賛成率低下
4494,バリオセキュア株式会社,あり,2,光通信株式会社(7.7%) / 有限会社光パワー(1.6%),A:賛成率低下
4512,わかもと製薬株式会社,あり,2,アセット・バリュー・インベスターズ・リミテッド(10.6%) / ロート製薬株式会社(11.4%),A:賛成率低下 + C:会社提案否決
4523,エーザイ株式会社,あり,5,ウエリントン・マネージメント・カンパニー・エルエルピー(4.8%) / ブラックロック・ジャパン株式会社(1.9%) / 三井住友トラスト・アセットマネジメント株式会社(3.3%) / 野村アセットマネジメント株式会社(0.1%) / 銀行等保有株式取得機構(3.8%),A:賛成率低下
4527,ロート製薬株式会社,あり,1,株式会社三菱ＵＦＪフィナンシャル・グループ(3.2%),B:新規株主提案
4549,栄研化学株式会社,あり,5,アセット・バリュー・インベスターズ・リミテッド(7.4%) / ティー・ロウ・プライス・ジャパン株式会社(3.4%) / 三井住友トラスト・アセットマネジメント株式会社(2.1%) / 株式会社三菱ＵＦＪフィナンシャル・グループ(2.9%) / ＮＩＰＰＯＮ　ＡＣＴＩＶＥ　ＶＡＬＵＥ　ＦＵＮＤ　ＰＬＣ(9.5%),A:賛成率低下
4569,杏林製薬株式会社,あり,3,荻原　年(0.2%) / 荻原　豊(0.1%) / ＫＯＰＥＲＮＩＫ　ＧＬＯＢＡＬ　ＩＮＶＥＳＴＯＲＳ，　ＬＬＣ(8.8%),A:賛成率低下
4571,ＮＡＮＯホールディングス株式会社,あり,2,株式会社ウィズ・パートナーズ(0.0%) / 株式会社ＳＢＩ証券(26.1%),A:賛成率低下
4743,株式会社アイティフォー,あり,3,三井住友ＤＳアセットマネジメント株式会社(6.0%) / 光通信株式会社(6.8%) / 株式会社三菱ＵＦＪフィナンシャル・グループ(0.6%),A:賛成率低下
4832,ＪＦＥシステムズ株式会社,なし,,,A:賛成率低下 + C:会社提案否決
4886,あすか製薬ホールディングス株式会社,あり,2,株式会社三菱ＵＦＪフィナンシャル・グループ(3.6%) / ＮＩＰＰＯＮ　ＡＣＴＩＶＥ　ＶＡＬＵＥ　ＦＵＮＤ　ＰＬＣ(8.3%),A:賛成率低下
4888,ステラファーマ株式会社,あり,4,アモーヴァ・アセットマネジメント株式会社(0.2%) / ハイツ・キャピタル・マネジメント・インク(5.5%) / 日興アセットマネジメント株式会社(5.6%) / ＳＭＢＣ日興証券株式会社(4.6%),A:賛成率低下
4902,コニカミノルタ株式会社,あり,6,エフィッシモ　キャピタル　マネージメント　ピーティーイー　エルティーディー（Ｅｆｆｉｓｓｉｍｏ　Ｃａｐｉｔａｌ　Ｍａｎａｇｅｍｅｎｔ　Ｐｔｅ　Ｌｔｄ）(10.6%) / 三井住友トラスト・アセットマネジメント株式会社(3.0%) / 三井住友ＤＳアセットマネジメント株式会社(2.8%) / 株式会社三菱ＵＦＪフィナンシャル・グループ(3.6%) / 野村アセットマネジメント株式会社(0.4%) / 野村證券株式会社(0.0%),C:会社提案否決
4970,東洋合成工業株式会社,あり,4,アリアンツ・グローバル・インベスターズ・アジア・パシフィック・リミテッド(4.3%) / 株式会社みずほ銀行(0.7%) / ＦＭＲ　Ｉｎｖｅｓｔｍｅｎｔ　Ｍａｎａｇｅｍｅｎｔ　（ＵＫ）　Ｌｉｍｉｔｅｄ(1.1%) / ＦＭＲ　ＬＬＣ(4.9%),A:賛成率低下
4972,綜研化学株式会社,あり,3,三井住友ＤＳアセットマネジメント株式会社(2.5%) / ＡＸＩＵＭ　ＣＡＰＩＴＡＬ　ＰＴＥ．ＬＴＤ．(20.2%) / Ｅ　ＩＮＫ　ＨＯＬＤＩＮＧＳ　ＩＮＣ．(1.0%),A:賛成率低下
4998,フマキラー株式会社,なし,,,A:賛成率低下
5013,株式会社ユシロ,あり,3,三井住友ＤＳアセットマネジメント株式会社(1.2%) / 株式会社三菱ＵＦＪフィナンシャル・グループ(2.3%) / ｆｕｎｄｎｏｔｅ株式会社(9.0%),A:賛成率低下
5016,ＪＸ金属株式会社,あり,2,ブラックロック・ジャパン株式会社(1.4%) / ＥＮＥＯＳホールディングス株式会社(42.4%),A:賛成率低下
5076,インフロニア・ホールディングス株式会社,あり,4,みずほ証券株式会社(0.8%) / 光が丘興産株式会社(8.9%) / 株式会社みずほ銀行(0.0%) / 野村證券株式会社(4.5%),A:賛成率低下
5288,アジアパイルホールディングス株式会社,あり,5,三井住友トラスト・アセットマネジメント株式会社(2.0%) / 株式会社みずほ銀行(3.2%) / 株式会社三菱ＵＦＪフィナンシャル・グループ(3.0%) / 野村アセットマネジメント株式会社(2.4%) / 野村證券株式会社(1.0%),A:賛成率低下
5331,ノリタケ株式会社,あり,3,株式会社ストラテジックキャピタル(4.4%) / 株式会社三菱ＵＦＪフィナンシャル・グループ(2.5%) / 第一生命保険株式会社(5.6%),A:賛成率低下 + C:会社提案否決
5342,ジャニス工業株式会社,あり,1,株式会社ニッソウ(9.5%),A:賛成率低下 + C:会社提案否決
5351,品川リフラ株式会社,あり,1,三井住友信託銀行株式会社(2.1%),A:賛成率低下
5368,日本インシュレーション株式会社,あり,2,光通信株式会社(4.1%) / 株式会社三菱ＵＦＪフィナンシャル・グループ(4.0%),A:賛成率低下
5384,株式会社フジミインコーポレーテッド,あり,4,キャピタル・リサーチ・アンド・マネージメント・カンパニー(2.9%) / 三井住友トラスト・アセットマネジメント株式会社(3.5%) / 株式会社みずほ銀行(0.3%) / 株式会社三菱ＵＦＪフィナンシャル・グループ(2.7%),A:賛成率低下
5541,大平洋金属株式会社,あり,9,エフィッシモ　キャピタル　マネージメント　ピーティーイー　エルティーディー（Ｅｆｆｉｓｓｉｍｏ　Ｃａｐｉｔａｌ　Ｍａｎａｇｅｍｅｎｔ　Ｐｔｅ　Ｌｔｄ）(2.1%) / モルガン・スタンレーＭＵＦＧ証券株式会社(-0.3%) / 三井住友トラスト・アセットマネジメント株式会社(2.3%) / 三井住友ＤＳアセットマネジメント株式会社(6.1%) / 日本機設株式会社(4.8%) / 日本製鉄株式会社(0.0%) / 日鉄ステンレス株式会社(0.0%) / 株式会社シティインデックスイレブンス(0.0%) / 野村證券株式会社(-0.0%),A:賛成率低下
5703,日本軽金属ホールディングス株式会社,あり,5,ブラックロック・ジャパン株式会社(2.2%) / 三井住友信託銀行株式会社(1.2%) / 株式会社みずほ銀行(3.2%) / 野村アセットマネジメント株式会社(0.0%) / 野村證券株式会社(0.1%),A:賛成率低下
5721,エスクリプトエナジー株式会社,あり,6,フィリップ証券株式会社(0.0%) / 株式会社エルアイイーエイチ(0.0%) / 株式会社グローバルエナジー(2.0%) / 株式会社ミュージックコーポレーション(2.5%) / ＫＡＹ　ＬＥＯ　ＢＲＯＴＨＥＲＳ　ＬＩＭＩＴＥＤ(9.1%) / Ｌｏｎｇ　Ｃｏｒｒｉｄｏｒ　Ａｓｓｅｔ　Ｍａｎａｇｅｍｅｎｔ　Ｌｉｍｉｔｅｄ(3.7%),C:会社提案否決
5821,平河ヒューテック株式会社,あり,5,三井住友ＤＳアセットマネジメント株式会社(0.3%) / 株式会社三菱ＵＦＪフィナンシャル・グループ(0.5%) / 隅田　和夫(3.1%) / ＡＸＩＵＭ　ＣＡＰＩＴＡＬ　ＰＴＥ．ＬＴＤ．(8.6%) / ＳＭＢＣ日興証券株式会社(0.7%),A:賛成率低下
5830,株式会社いよぎんホールディングス,なし,,,C:会社提案否決
5838,楽天銀行株式会社,あり,1,ＪＰモルガン・アセット・マネジメント株式会社(4.7%),A:賛成率低下
5905,日本製罐株式会社,あり,1,株式会社みみっく(9.6%),A:賛成率低下 + B:新規株主提案
5922,那須電機鉄工株式会社,あり,3,三井住友ＤＳアセットマネジメント株式会社(0.9%) / 株式会社ケー・エフ・シー(5.0%) / ＮＩＰＰＯＮ　ＡＣＴＩＶＥ　ＶＡＬＵＥ　ＦＵＮＤ　ＰＬＣ(7.8%),A:賛成率低下 + C:会社提案否決
5930,文化シヤッター株式会社,あり,5,三井住友信託銀行株式会社(1.1%) / 株式会社ストラテジックキャピタル(3.7%) / 根本　武(0.0%) / 遠藤　幸一(7.9%) / ＮＩＰＰＯＮ　ＡＣＴＩＶＥ　ＶＡＬＵＥ　ＦＵＮＤ　ＰＬＣ(3.5%),A:賛成率低下
5989,株式会社エイチワン,あり,2,三井住友トラスト・アセットマネジメント株式会社(3.1%) / 本田技研工業株式会社(21.3%),A:賛成率低下
5991,日本発條株式会社,あり,4,シルチェスター・インターナショナル・インベスターズ・エルエルピー(5.0%) / 大同特殊鋼株式会社(9.2%) / 株式会社みずほ銀行(2.5%) / 野村證券株式会社(0.1%),A:賛成率低下
6023,ダイハツインフィニアース株式会社,あり,4,カナメ・キャピタル・エルピー（Ｋａｎａｍｅ　Ｃａｐｉｔａｌ，Ｌ．Ｐ．）(12.0%) / ダイハツ工業株式会社(35.1%) / 今治造船株式会社(15.7%) / 積水ハウス株式会社(1.5%),A:賛成率低下
6035,株式会社アイ・アールジャパンホールディングス,なし,,,B:新規株主提案
6069,トレンダーズ株式会社,あり,5,いちよしアセットマネジメント株式会社(4.4%) / ベイビュー・アセット・マネジメント株式会社(4.3%) / 光通信株式会社(4.2%) / 岡本　伊久男(1.5%) / 株式会社アイスタイル(30.8%),A:賛成率低下
6103,オークマ株式会社,あり,4,三井住友信託銀行株式会社(1.1%) / 株式会社三菱ＵＦＪフィナンシャル・グループ(2.0%) / 野村アセットマネジメント株式会社(0.2%) / 野村證券株式会社(1.1%),A:賛成率低下
6135,株式会社　牧野フライス製作所,あり,7,アセットマネジメントＯｎｅ株式会社(3.1%) / ゴールドマン・サックス・インターナショナル(4.6%) / ゴールドマン・サックス証券株式会社(0.1%) / ユービーエス・エイ・ジー（銀行）(3.5%) / 三井住友トラスト・アセットマネジメント株式会社(2.8%) / 株式会社三菱ＵＦＪフィナンシャル・グループ(1.8%) / 野村證券株式会社(0.5%),B:新規株主提案
6142,富士精工株式会社,あり,2,森　誠(3.7%) / Ｃ．Ｉ．Ｆ．ＨＯＬＤＩＮＧ株式会社(0.0%),A:賛成率低下 + C:会社提案否決
6145,ＮＩＴＴＯＫＵ株式会社,あり,7,みずほ信託銀行株式会社(0.6%) / みずほ証券株式会社(0.0%) / シュローダー・インベストメント・マネジメント株式会社(2.1%) / スパークス・アセット・マネジメント株式会社(3.4%) / ベイリー・ギフォード・アンド・カンパニー(3.9%) / 株式会社シティインデックスイレブンス(0.0%) / ＳＭＣ株式会社(4.6%),A:賛成率低下
6155,高松機械工業株式会社,あり,3,井上　英一郎(10.4%) / 株式会社タカマツ(8.7%) / 髙松　喜与志(1.7%),A:賛成率低下
6178,日本郵政株式会社,あり,1,財務大臣(35.9%),A:賛成率低下
6203,豊和工業株式会社,あり,3,モルガン・スタンレー・アンド・カンパニー・インターナショナル・ピーエルシー(6.6%) / モルガン・スタンレーＭＵＦＧ証券株式会社(0.8%) / ｆｕｎｄｎｏｔｅ株式会社(0.0%),A:賛成率低下
6237,株式会社イワキ,あり,3,ダルトン　インベストメンツ　インク(6.6%) / ダルトン・インベストメンツ・エルエルシー(0.0%) / Ｃｈａｒｏｎ　Ｆｉｎａｎｃｅ　ＧｍｂＨ(14.7%),A:賛成率低下 + C:会社提案否決
6238,フリュー株式会社,あり,4,三嶋　隆(0.7%) / 光通信株式会社(4.0%) / 田坂　吉朗(3.0%) / 野村證券株式会社(1.2%),A:賛成率低下
6254,野村マイクロ・サイエンス株式会社,あり,1,野村證券株式会社(2.2%),A:賛成率低下
6262,株式会社ＰＥＧＡＳＵＳ,あり,3,株式会社ポートフォリア(3.0%) / Ｂｅ　Ｂｒａｖｅ株式会社(12.9%) / ＳＭＢＣ日興証券株式会社(0.1%),A:賛成率低下
6333,株式会社ＴＥＩＫＯＫＵ,あり,8,ユナイテッド・マネージャーズ・ジャパン株式会社(0.0%) / 三井住友ＤＳアセットマネジメント株式会社(2.7%) / 三菱電機モビリティ株式会社(0.0%) / 三菱電機株式会社(0.0%) / 株式会社ヴァレックス・パートナーズ(18.4%) / ＦＭＲ　ＬＬＣ(7.4%) / Ｆｉｄｅｌｉｔｙ　Ｍａｎａｇｅｍｅｎｔ　＆　Ｒｅｓｅａｒｃｈ　Ｃｏｍｐａｎｙ　ＬＬＣ(4.5%) / ＳＭＢＣ日興証券株式会社(0.1%),A:賛成率低下 + C:会社提案否決
6335,株式会社東京機械製作所,あり,2,大田　昭彦(10.3%) / 株式会社シンシア工務店(3.6%),A:賛成率低下
6345,株式会社アイチコーポレーション,あり,2,伊藤忠商事株式会社(32.9%) / 株式会社豊田自動織機(18.5%),A:賛成率低下 + C:会社提案否決
6349,株式会社小森コーポレーション,あり,2,ブランデス・インベストメント・パートナーズ・エル・ピー(7.8%) / 株式会社みずほ銀行(1.9%),A:賛成率低下
6363,株式会社酉島製作所,あり,3,いちよしアセットマネジメント株式会社(4.1%) / 三井住友ＤＳアセットマネジメント株式会社(1.8%) / 野村證券株式会社(0.1%),A:賛成率低下
6368,オルガノ株式会社,なし,,,A:賛成率低下
6402,兼松エンジニアリング株式会社,あり,1,三谷　公男(5.7%),A:賛成率低下
6418,日本金銭機械株式会社,あり,1,上東　宏一郎(4.1%),A:賛成率低下
6463,ＴＰＲ株式会社,あり,2,シュローダー・インベストメント・マネジメント株式会社(4.1%) / 三井住友ＤＳアセットマネジメント株式会社(3.0%),A:賛成率低下
6470,大豊工業株式会社,あり,1,ｆｕｎｄｎｏｔｅ株式会社(10.8%),A:賛成率低下
6485,前澤給装工業株式会社,あり,1,前澤工業株式会社(5.8%),A:賛成率低下
6507,シンフォニアテクノロジー株式会社,あり,5,キャピタル・リサーチ・アンド・マネージメント・カンパニー(5.8%) / 三井住友信託銀行株式会社(0.8%) / 三井住友ＤＳアセットマネジメント株式会社(4.6%) / 野村アセットマネジメント株式会社(0.0%) / 野村證券株式会社(0.4%),A:賛成率低下
6513,株式会社オリジン,あり,2,株式会社みずほ銀行(3.9%) / ＢＲＯＯＫＬＡＮＤＳ　ＦＵＮＤ　ＭＡＮＡＧＥＭＥＮＴ　ＬＩＭＩＴＥＤ(5.1%),A:賛成率低下 + C:会社提案否決
6517,デンヨー株式会社,あり,1,シンフォニー・フィナンシャル・パートナーズ（シンガポール）ピーティーイー・リミテッド(13.7%),A:賛成率低下 + C:会社提案否決
6532,株式会社ベイカレント,あり,12,キャピタル・リサーチ・アンド・マネージメント・カンパニー(2.8%) / ブラックロック・ジャパン株式会社(2.5%) / ラザード・アセット・マネージメント・エルエルシー(4.0%) / 三井住友トラスト・アセットマネジメント株式会社(2.8%) / 大和アセットマネジメント株式会社(4.5%) / 株式会社三菱ＵＦＪフィナンシャル・グループ(1.7%) / 江口　新(6.0%) / 野村證券株式会社(0.2%) / ＦＭＲ　ＬＬＣ(3.6%) / Ｆｉｄｅｌｉｔｙ　Ｍａｎａｇｅｍｅｎｔ　＆　Ｒｅｓｅａｒｃｈ　Ｃｏｍｐａｎｙ　ＬＬＣ(2.8%) / ＪＰモルガン証券株式会社(0.2%) / Ｍａｗｅｒ　Ｉｎｖｅｓｔｍｅｎｔ　Ｍａｎａｇｅｍｅｎｔ　Ｌｔｄ．(3.8%),A:賛成率低下
6562,株式会社ジーニー,あり,3,ソフトバンク株式会社(0.0%) / 工藤智昭(23.6%) / 株式会社みずほ銀行(35.6%),A:賛成率低下
6564,株式会社ミダックホールディングス,あり,1,キャピタル・リサーチ・アンド・マネージメント・カンパニー(3.3%),A:賛成率低下
6574,株式会社コンヴァノ,あり,5,川口　佑(5.0%) / 株式会社ディメンショナル(9.3%) / 株式会社メディカルフロンティア(1.7%) / 株式会社ＮＴ(72.3%) / 青木　剛志(0.0%),C:会社提案否決
6614,株式会社シキノハイテック,なし,,,A:賛成率低下
6616,トレックス・セミコンダクター株式会社,あり,3,カナメ・キャピタル・エルピー（Ｋａｎａｍｅ　Ｃａｐｉｔａｌ，Ｌ．Ｐ．）(11.2%) / ベイリー・ギフォード・アンド・カンパニー(4.5%) / 株式会社ＳＢＩ証券(3.1%),C:会社提案否決
6645,オムロン株式会社,あり,5,ブラックロック・ジャパン株式会社(2.2%) / 三井住友トラスト・アセットマネジメント株式会社(2.8%) / 株式会社三菱ＵＦＪフィナンシャル・グループ(0.0%) / 野村アセットマネジメント株式会社(0.0%) / 野村證券株式会社(0.6%),A:賛成率低下
6727,株式会社ワコム,あり,5,アセット・バリュー・インベスターズ・リミテッド(14.8%) / インベスコ・アセット・マネジメント株式会社(3.9%) / カナメ・キャピタル・エルピー（Ｋａｎａｍｅ　Ｃａｐｉｔａｌ，Ｌ．Ｐ．）(5.1%) / ベイリー・ギフォード・アンド・カンパニー(3.4%) / 三井住友トラスト・アセットマネジメント株式会社(2.7%),A:賛成率低下 + C:会社提案否決
6743,大同信号株式会社,あり,3,日本電設工業株式会社(13.3%) / 有限会社光パワー(3.3%) / 株式会社みずほ銀行(3.8%),C:会社提案否決
6750,エレコム株式会社,あり,1,葉田　順治(19.0%),A:賛成率低下
6763,帝国通信工業株式会社,あり,4,株式会社みずほ銀行(4.8%) / 重田　光時(0.0%) / ＧＬＯＢＡＬ　ＭＡＮＡＧＥＭＥＮＴ　ＰＡＲＴＮＥＲＳ　ＬＩＭＩＴＥＤ(0.0%) / ＮＩＰＰＯＮ　ＡＣＴＩＶＥ　ＶＡＬＵＥ　ＦＵＮＤ　ＰＬＣ(5.0%),B:新規株主提案
6820,アイコム株式会社,あり,2,カナメ・キャピタル・エルピー（Ｋａｎａｍｅ　Ｃａｐｉｔａｌ，Ｌ．Ｐ．）(5.0%) / 光通信株式会社(4.6%),A:賛成率低下
6867,リーダー電子株式会社,あり,4,アイ・オー・キャピタル株式会社(18.8%) / 大松正明(0.0%) / 後藤明子(0.0%) / Ａｎｃｈｏｒ　Ｃａｐｉｔａｌ　Ｇｒｏｕｐ株式会社(0.0%),A:賛成率低下
6908,イリソ電子工業株式会社,あり,6,アセットマネジメントＯｎｅ株式会社(4.2%) / シュローダー・インベストメント・マネジメント株式会社(3.0%) / 三井住友トラスト・アセットマネジメント株式会社(2.9%) / 株式会社みずほ銀行(0.3%) / 株式会社シティインデックスイレブンス(0.0%) / 株式会社三菱ＵＦＪフィナンシャル・グループ(0.7%),A:賛成率低下
6963,ローム株式会社,あり,3,ブラックロック・ジャパン株式会社(1.7%) / 三井住友トラスト・アセットマネジメント株式会社(1.8%) / 野村證券株式会社(2.4%),A:賛成率低下
6971,京セラ株式会社,あり,3,三井住友トラスト・アセットマネジメント株式会社(2.4%) / 株式会社三菱ＵＦＪフィナンシャル・グループ(1.2%) / 野村證券株式会社(0.3%),A:賛成率低下 + C:会社提案否決
6986,双葉電子工業株式会社,あり,2,ブランデス・インベストメント・パートナーズ・エル・ピー(8.8%) / 公益財団法人双葉電子記念財団(7.7%),A:賛成率低下
6989,北陸電気工業株式会社,あり,2,株式会社フェローテック(11.8%) / 株式会社フェローテックホールディングス(8.7%),A:賛成率低下
7014,株式会社名村造船所,あり,7,ゴールドマン・サックス証券株式会社(-0.0%) / バークレイズ・キャピタル・セキュリティーズ・リミテッド(4.7%) / 日本製鉄株式会社(4.0%) / 株式会社三菱ＵＦＪフィナンシャル・グループ(3.2%) / 野村アセットマネジメント株式会社(0.6%) / 野村證券株式会社(0.0%) / ＪＰモルガン・アセット・マネジメント株式会社(1.8%),A:賛成率低下
7042,株式会社アクセスグループ・ホールディングス,あり,4,木村　勇也(11.1%) / 木村　春樹(8.9%) / 株式会社プロネクサス(16.4%) / 株式会社ＲＲ・ＤＤ(9.9%),A:賛成率低下 + B:新規株主提案
7047,ポート株式会社,あり,4,三井住友ＤＳアセットマネジメント株式会社(5.0%) / 丸山　侑佑(4.8%) / 春日　博文(32.9%) / 株式会社三井住友銀行(0.0%),A:賛成率低下
7157,ライフネット生命保険株式会社,あり,5,ありあけキャピタル株式会社(7.4%) / エフィッシモ　キャピタル　マネージメント　ピーティーイー　エルティーディー（Ｅｆｆｉｓｓｉｍｏ　Ｃａｐｉｔａｌ　Ｍａｎａｇｅｍｅｎｔ　Ｐｔｅ　Ｌｔｄ）(21.1%) / 三井住友ＤＳアセットマネジメント株式会社(0.7%) / 日本航空株式会社(18.3%) / ａｕフィナンシャルホールディングス株式会社(0.0%),A:賛成率低下
7162,アストマックス株式会社,あり,3,ヒューリックプロパティソリューション株式会社(17.9%) / 有限会社　啓尚企画(8.9%) / 株式会社大和証券グループ本社(0.0%),A:賛成率低下 + C:会社提案否決
7201,日産自動車株式会社,あり,1,ルノー(35.7%),A:賛成率低下 + C:会社提案否決
7220,武蔵精密工業株式会社,あり,8,グランサム、マヨ、ヴァン　オッテルロー　アンド　カンパニー　エルエルシー(4.1%) / シュローダー・インベストメント・マネジメント株式会社(3.5%) / モルガン・スタンレーＭＵＦＧ証券株式会社(0.2%) / 三井住友トラスト・アセットマネジメント株式会社(1.7%) / 三井住友ＤＳアセットマネジメント株式会社(3.9%) / 大塚　浩史(2.3%) / 本田技研工業株式会社(28.1%) / 野村證券株式会社(0.1%),A:賛成率低下
7222,日産車体株式会社,あり,1,エフィッシモ　キャピタル　マネージメント　ピーティーイー　エルティーディー（Ｅｆｆｉｓｓｉｍｏ　Ｃａｐｉｔａｌ　Ｍａｎａｇｅｍｅｎｔ　Ｐｔｅ　Ｌｔｄ）(29.7%),B:新規株主提案
7224,新明和工業株式会社,あり,2,アセットマネジメントＯｎｅ株式会社(4.3%) / 野村證券株式会社(0.5%),A:賛成率低下
7226,極東開発工業株式会社,あり,2,株式会社ストラテジックキャピタル(5.0%) / 株式会社三菱ＵＦＪフィナンシャル・グループ(0.8%),A:賛成率低下
7254,株式会社ユニバンス,あり,2,鈴木　一和雄(9.6%) / Ｂｅ　Ｂｒａｖｅ株式会社(6.1%),A:賛成率低下
7292,株式会社村上開明堂,あり,1,ＮＩＰＰＯＮ　ＡＣＴＩＶＥ　ＶＡＬＵＥ　ＦＵＮＤ　ＰＬＣ(5.9%),B:新規株主提案
7318,セレンディップ・ホールディングス株式会社,あり,1,諸戸グループマネジメント株式会社(9.5%),A:賛成率低下
7384,株式会社プロクレアホールディングス,あり,2,三井住友トラスト・アセットマネジメント株式会社(2.1%) / 野村證券株式会社(1.2%),A:賛成率低下
7414,小野建株式会社,あり,2,オーエヌトラスト株式会社(10.8%) / 三井住友ＤＳアセットマネジメント株式会社(4.2%),A:賛成率低下
7438,コンドーテック株式会社,あり,5,タドラナ・マネジメント・ウンド・アセット・ゲーエムベーハー(6.0%) / 有限会社藤和興産(10.3%) / 株式会社三菱ＵＦＪフィナンシャル・グループ(2.9%) / ＦＭＲ　ＬＬＣ(9.7%) / Ｆｉｄｅｌｉｔｙ　Ｍａｎａｇｅｍｅｎｔ　＆　Ｒｅｓｅａｒｃｈ　Ｃｏｍｐａｎｙ　ＬＬＣ(8.6%),A:賛成率低下
7459,株式会社メディパルホールディングス,あり,1,シルチェスター・インターナショナル・インベスターズ・エルエルピー(11.7%),A:賛成率低下
7477,ムラキ株式会社,あり,7,合同会社ＣＹＧＮＵＳ(0.0%) / 宮治　友博(6.6%) / 早馬　義光(0.0%) / 株式会社イクヨ(17.0%) / 株式会社マネジメント・サーベイ(6.0%) / 芙蓉土地建物株式会社(0.0%) / Ｂｌｕｅ　Ｇｏａｔｓ　Ｃａｐｉｔａｌ株式会社(5.0%),A:賛成率低下
7486,サンリン株式会社,あり,1,株式会社八十二銀行(4.7%),C:会社提案否決
7567,株式会社栄電子,あり,1,ウルトラテクノロジー株式会社(2.0%),A:賛成率低下
7593,ＶＴホールディングス株式会社,あり,2,三井住友海上火災保険株式会社(0.0%) / 高橋　一穗(2.9%),A:賛成率低下
7608,株式会社エスケイジャパン,なし,,,A:賛成率低下
7610,株式会社テイツー,あり,1,新沼　吾史(7.1%),A:賛成率低下
7634,株式会社星医療酸器,あり,2,光通信株式会社(7.2%) / ＦＭＲ　ＬＬＣ(1.2%),A:賛成率低下
7638,株式会社ＮＥＷ　ＡＲＴ　ＨＯＬＤＩＮＧＳ,あり,1,白石　幸生(20.0%),A:賛成率低下
7677,株式会社ヤシマキザイ,あり,2,佐藤　厚(7.0%) / ＧＬＯＢＡＬ　ＭＡＮＡＧＥＭＥＮＴ　ＰＡＲＴＮＥＲＳ　ＬＩＭＩＴＥＤ(26.9%),A:賛成率低下
7702,株式会社ジェイ・エム・エス（称号　株式会社　ＪＭＳ）,なし,,,C:会社提案否決
7731,株式会社ニコン,あり,8,エシロールルックスオティカ(19.6%) / シルチェスター・インターナショナル・インベスターズ・エルエルピー(7.1%) / 三井住友トラスト・アセットマネジメント株式会社(2.1%) / 三井住友信託銀行株式会社(0.1%) / 株式会社三菱ＵＦＪフィナンシャル・グループ(2.5%) / 野村アセットマネジメント株式会社(0.1%) / 野村證券株式会社(0.1%) / Ｍ＆Ｇインベストメント・マネジメント・リミテッド(4.2%),A:賛成率低下
7734,理研計器株式会社,あり,5,キャピタル・リサーチ・アンド・マネージメント・カンパニー(6.8%) / フィデリティ投信株式会社(4.6%) / フォレスト・マナー・エヌ・ヴイ(4.5%) / 三井住友ＤＳアセットマネジメント株式会社(5.1%) / 株式会社みずほ銀行(3.8%),A:賛成率低下
7745,株式会社Ａ＆Ｄホロンホールディングス,あり,7,りそなアセットマネジメント株式会社(4.1%) / キャピタル・リサーチ・アンド・マネージメント・カンパニー(2.9%) / フィデリティ投信株式会社(3.5%) / 三井住友トラスト・アセットマネジメント株式会社(3.4%) / 株式会社ストラテジックキャピタル(15.0%) / 野村アセットマネジメント株式会社(0.0%) / 野村證券株式会社(0.0%),A:賛成率低下
7752,株式会社リコー,あり,5,エフィッシモ　キャピタル　マネージメント　ピーティーイー　エルティーディー（Ｅｆｆｉｓｓｉｍｏ　Ｃａｐｉｔａｌ　Ｍａｎａｇｅｍｅｎｔ　Ｐｔｅ　Ｌｔｄ）(24.8%) / ブラックロック・ジャパン株式会社(1.5%) / 三井住友信託銀行株式会社(0.4%) / 株式会社三菱ＵＦＪフィナンシャル・グループ(1.8%) / 野村證券株式会社(0.4%),A:賛成率低下
7820,ニホンフラッシュ株式会社,あり,2,ＦＭＲ　ＬＬＣ(10.0%) / Ｆｉｄｅｌｉｔｙ　Ｍａｎａｇｅｍｅｎｔ　＆　Ｒｅｓｅａｒｃｈ　Ｃｏｍｐａｎｙ　ＬＬＣ(6.8%),A:賛成率低下
7844,株式会社マーベラス,なし,,,A:賛成率低下 + C:会社提案否決
7857,セキ株式会社,なし,,,B:新規株主提案
7867,株式会社タカラトミー,あり,2,アセットマネジメントＯｎｅ株式会社(4.5%) / 司不動産株式会社(7.0%),A:賛成率低下
7893,株式会社プロネクサス,あり,3,上野　守生(11.7%) / ＦＭＲ　ＬＬＣ(5.5%) / Ｆｉｄｅｌｉｔｙ　Ｍａｎａｇｅｍｅｎｔ　＆　Ｒｅｓｅａｒｃｈ　Ｃｏｍｐａｎｙ　ＬＬＣ(5.3%),A:賛成率低下
7912,大日本印刷株式会社,あり,5,ブラックロック・ジャパン株式会社(1.9%) / 三井住友トラスト・アセットマネジメント株式会社(2.5%) / 株式会社みずほ銀行(2.8%) / 野村アセットマネジメント株式会社(0.1%) / 野村證券株式会社(0.0%),A:賛成率低下
7970,信越ポリマー株式会社,なし,,,B:新規株主提案
7981,タカラスタンダード株式会社,なし,,,A:賛成率低下
7988,株式会社ニフコ,あり,4,インベスコ・アセット・マネジメント株式会社(4.7%) / 株式会社三菱ＵＦＪフィナンシャル・グループ(0.3%) / 野村アセットマネジメント株式会社(0.1%) / 野村證券株式会社(1.1%),A:賛成率低下
7995,株式会社バルカー,あり,3,グランサム、マヨ、ヴァン　オッテルロー　アンド　カンパニー　エルエルシー(8.4%) / 三井住友信託銀行株式会社(2.1%) / 三井住友ＤＳアセットマネジメント株式会社(3.4%),A:賛成率低下
8011,株式会社三陽商会,あり,5,アセット・バリュー・インベスターズ・リミテッド(13.1%) / 八木通商株式会社(11.6%) / 野村アセットマネジメント株式会社(0.8%) / 野村證券株式会社(0.0%) / Ｓａｐｐｈｉｒｅｔｅｒｒａ　Ｃａｐｉｔａｌ，　ＬＬＣ(8.1%),A:賛成率低下 + B:新規株主提案
8018,三共生興株式会社,あり,1,株式会社三菱ＵＦＪフィナンシャル・グループ(3.0%),A:賛成率低下
8020,兼松株式会社,あり,3,ブラックロック・ジャパン株式会社(2.6%) / 三井住友信託銀行株式会社(0.0%) / 株式会社三菱ＵＦＪフィナンシャル・グループ(1.0%),A:賛成率低下
8025,株式会社ツカモトコーポレーション,あり,2,フリージア・マクロス株式会社(17.3%) / 株式会社三菱ＵＦＪフィナンシャル・グループ(4.2%),A:賛成率低下
8031,三井物産株式会社,あり,2,三井住友信託銀行株式会社(0.2%) / Ｎａｔｉｏｎａｌ　Ｉｎｄｅｍｎｉｔｙ　Ｃｏｍｐａｎｙ(10.8%),C:会社提案否決
8070,東京産業株式会社,あり,3,シンプレクス・アセット・マネジメント株式会社(0.0%) / 光通信株式会社(7.2%) / 西華産業株式会社(11.6%),A:賛成率低下
8086,ニプロ株式会社,あり,4,ゴールドマン・サックス証券株式会社(0.2%) / 日本電気硝子株式会社(5.0%) / 株式会社みずほ銀行(0.3%) / 野村證券株式会社(4.7%),A:賛成率低下
8088,岩谷産業株式会社,あり,3,ノルウェー銀行(4.6%) / 三井住友トラスト・アセットマネジメント株式会社(2.3%) / 株式会社三菱ＵＦＪフィナンシャル・グループ(2.3%),A:賛成率低下
8118,株式会社　キング,あり,1,ＬＮＳ　Ｍａｎａｇｅｍｅｎｔ　Ｐｔｅ．　Ｌｔｄ．(5.0%),A:賛成率低下 + C:会社提案否決
8129,東邦ホールディングス株式会社,あり,2,野村證券株式会社(0.4%) / ３Ｄ　Ｉｎｖｅｓｔｍｅｎｔ　Ｐａｒｔｎｅｒｓ　Ｐｔｅ．　Ｌｔｄ．(21.2%),A:賛成率低下
8133,伊藤忠エネクス株式会社,あり,1,伊藤忠商事株式会社(53.2%),A:賛成率低下
8136,株式会社サンリオ,あり,10,インベスコ・アセット・マネジメント株式会社(4.8%) / ゴールドマン・サックス証券株式会社(0.0%) / ブラックロック・ジャパン株式会社(1.4%) / モルガン・スタンレー・アンド・カンパニー・インターナショナル・ピーエルシー(0.7%) / モルガン・スタンレーＭＵＦＧ証券株式会社(0.1%) / 光南商事株式会社(2.9%) / 株式会社三井住友銀行(0.0%) / 株式会社三菱ＵＦＪフィナンシャル・グループ(0.8%) / 清川商事株式会社(7.7%) / ＪＰモルガン・アセット・マネジメント株式会社(2.2%),A:賛成率低下
8154,加賀電子株式会社,あり,2,株式会社みずほ銀行(0.0%) / 株式会社三菱ＵＦＪフィナンシャル・グループ(0.0%),A:賛成率低下
8173,株式会社Ｊｏｓｈｉｎ,あり,1,株式会社りそな銀行(2.9%),A:賛成率低下 + C:会社提案否決
8185,株式会社チヨダ,あり,2,いちごアセットマネジメント・インタ－ナショナル・ピ－ティ－イ－・リミテッド(19.2%) / 株式会社中央商事(8.4%),A:賛成率低下
8253,株式会社クレディセゾン,あり,4,ブラックロック・ジャパン株式会社(1.9%) / 三井住友トラスト・アセットマネジメント株式会社(1.9%) / 野村證券株式会社(0.1%) / Ｍ＆Ｇインベストメント・マネジメント・リミテッド(4.0%),A:賛成率低下
8255,アクシアル　リテイリング株式会社,あり,2,原　和彦(3.0%) / 植木　威行(1.1%),A:賛成率低下
8291,日産東京販売ホールディングス株式会社,あり,4,三井住友海上火災保険株式会社(2.2%) / 損害保険ジャパン株式会社(1.4%) / 東京海上日動火災保険株式会社(2.8%) / ＮＩＰＰＯＮ　ＡＣＴＩＶＥ　ＶＡＬＵＥ　ＦＵＮＤ　ＰＬＣ(4.8%),A:賛成率低下
8316,株式会社三井住友フィナンシャルグループ,あり,2,ブラックロック・ジャパン株式会社(2.2%) / 三井住友トラスト・アセットマネジメント株式会社(3.3%),C:会社提案否決
8358,スルガ銀行株式会社,あり,4,ありあけキャピタル株式会社(4.5%) / インダス・キャピタル・パートナーズ・エル・エル・シー(11.1%) / 三井住友信託銀行株式会社(0.0%) / 株式会社クレディセゾン(14.9%),C:会社提案否決
8411,株式会社みずほフィナンシャルグループ,あり,2,三井住友トラスト・アセットマネジメント株式会社(3.2%) / 野村證券株式会社(0.1%),A:賛成率低下
8473,ＳＢＩホールディングス株式会社,あり,7,ブラックロック・ジャパン株式会社(1.8%) / ベイリー・ギフォード・アンド・カンパニー(1.2%) / 三井住友トラスト・アセットマネジメント株式会社(2.6%) / 三井住友ＤＳアセットマネジメント株式会社(0.3%) / 日本電信電話株式会社(8.2%) / 株式会社三井住友フィナンシャルグループ(8.9%) / 野村證券株式会社(0.6%),A:賛成率低下
8542,株式会社トマト銀行,あり,3,三井住友信託銀行株式会社(1.6%) / 株式会社みずほ銀行(2.8%) / 預金保険機構(4.2%),A:賛成率低下 + C:会社提案否決
8559,株式会社豊和銀行,あり,1,株式会社　整理回収機構(7.8%),A:賛成率低下
8585,株式会社オリエントコーポレーション,あり,5,ムニノバホールディングス株式会社(15.0%) / 伊藤忠商事株式会社(4.5%) / 株式会社みずほ銀行(33.7%) / 株式会社ストラテジックキャピタル(12.8%) / 銀行等保有株式取得機構(4.4%),C:会社提案否決
8604,野村ホールディングス株式会社,あり,2,ブラックロック・ジャパン株式会社(2.2%) / 三井住友トラスト・アセットマネジメント株式会社(3.1%),C:会社提案否決
8613,丸三証券株式会社,あり,1,三井住友トラスト・アセットマネジメント株式会社(2.6%),A:賛成率低下
8616,東海東京フィナンシャル・ホールディングス株式会社,あり,2,三井住友信託銀行株式会社(1.9%) / 株式会社三菱ＵＦＪフィナンシャル・グループ(4.0%),A:賛成率低下 + C:会社提案否決
8617,光世証券株式会社,あり,3,三井住友トラスト・アセットマネジメント株式会社(4.3%) / 巽　大介(5.7%) / 株式会社巽也蔵(20.0%),A:賛成率低下
8630,ＳＯＭＰＯホールディングス株式会社,あり,2,ノルウェー銀行(5.0%) / 三井住友トラスト・アセットマネジメント株式会社(2.9%),A:賛成率低下
8699,ＨＳホールディングス株式会社,あり,1,澤田　秀雄(2.2%),C:会社提案否決
8704,トレイダーズホールディングス株式会社,あり,2,三井住友ＤＳアセットマネジメント株式会社(5.4%) / 株式会社旭興産(2.7%),A:賛成率低下
8713,フィデアホールディングス株式会社,あり,1,三井住友トラスト・アセットマネジメント株式会社(2.6%),A:賛成率低下
8750,株式会社第一ライフグループ,あり,5,エフィッシモ　キャピタル　マネージメント　ピーティーイー　エルティーディー（Ｅｆｆｉｓｓｉｍｏ　Ｃａｐｉｔａｌ　Ｍａｎａｇｅｍｅｎｔ　Ｐｔｅ　Ｌｔｄ）(11.0%) / ブラックロック・ジャパン株式会社(2.0%) / 三井住友トラスト・アセットマネジメント株式会社(3.1%) / 株式会社みずほ銀行(1.5%) / 野村アセットマネジメント株式会社(5.0%),A:賛成率低下
8766,東京海上ホールディングス株式会社,あり,3,ブラックロック・ジャパン株式会社(2.1%) / 三井住友トラスト・アセットマネジメント株式会社(3.1%) / 株式会社三菱ＵＦＪフィナンシャル・グループ(1.2%),A:賛成率低下
8818,京阪神ビルディング株式会社,あり,3,株式会社ストラテジックキャピタル(10.7%) / 株式会社三井住友銀行(4.3%) / ＳＭＢＣ日興証券株式会社(2.3%),B:新規株主提案
8871,株式会社ゴールドクレスト,あり,4,安川　秀俊(2.9%) / 株式会社ストラテジックキャピタル(16.3%) / ＦＭＲ　ＬＬＣ(3.9%) / Ｆｉｄｅｌｉｔｙ　Ｍａｎａｇｅｍｅｎｔ　＆　Ｒｅｓｅａｒｃｈ　Ｃｏｍｐａｎｙ　ＬＬＣ(3.9%),C:会社提案否決
8897,ＭＩＲＡＲＴＨホールディングス株式会社,あり,2,一般社団法人村山財産管理(21.2%) / 村山　義男(21.2%),C:会社提案否決
9020,東日本旅客鉄道株式会社,あり,3,ブラックロック・ジャパン株式会社(1.7%) / 株式会社みずほ銀行(2.8%) / 株式会社三菱ＵＦＪフィナンシャル・グループ(1.7%),B:新規株主提案
9021,西日本旅客鉄道株式会社,あり,3,ブラックロック・ジャパン株式会社(1.8%) / 三井住友信託銀行株式会社(0.7%) / 株式会社三菱ＵＦＪフィナンシャル・グループ(1.8%),B:新規株主提案
9045,京阪ホールディングス株式会社,あり,1,三井住友信託銀行株式会社(1.9%),A:賛成率低下
9064,ヤマトホールディングス株式会社,あり,5,ブラックロック・ジャパン株式会社(1.5%) / 三井住友トラスト・アセットマネジメント株式会社(2.7%) / 株式会社みずほ銀行(2.8%) / 野村アセットマネジメント株式会社(0.0%) / 野村證券株式会社(0.0%),A:賛成率低下
9068,丸全昭和運輸株式会社,あり,3,シンフォニー・フィナンシャル・パートナーズ（シンガポール）ピーティーイー・リミテッド(5.2%) / 株式会社三菱ＵＦＪフィナンシャル・グループ(1.4%) / 株式会社横浜銀行(4.4%),A:賛成率低下
9069,センコーグループホールディングス株式会社,あり,8,みずほ証券株式会社(1.1%) / ダルトン　インベストメンツ　インク(9.5%) / マラソン・アセット・マネジメント・リミテッド(3.9%) / 三井住友トラスト・アセットマネジメント株式会社(2.9%) / 旭化成株式会社(4.2%) / 株式会社三菱ＵＦＪフィナンシャル・グループ(0.7%) / 野村證券株式会社(1.8%) / ＮＩＰＰＯＮ　ＡＣＴＩＶＥ　ＶＡＬＵＥ　ＦＵＮＤ　ＰＬＣ(0.6%),A:賛成率低下 + C:会社提案否決
9072,ニッコンホールディングス株式会社,あり,6,シルチェスター・インターナショナル・インベスターズ・エルエルピー(4.1%) / 株式会社三菱ＵＦＪフィナンシャル・グループ(1.9%) / 野村證券株式会社(0.1%) / Ｆａｒａｌｌｏｎ　Ｃａｐｉｔａｌ　Ｍａｎａｇｅｍｅｎｔ，　Ｌ．Ｌ．Ｃ．(23.0%) / ＪＰモルガン証券株式会社(2.3%) / Ｏａｓｉｓ　Ｍａｎａｇｅｍｅｎｔ　Ｃｏｍｐａｎｙ　Ｌｔｄ．(17.7%),A:賛成率低下
9075,福山通運株式会社,あり,4,三井住友トラスト・アセットマネジメント株式会社(1.4%) / 公益財団法人渋谷育英会(13.8%) / 日本生命保険相互会社(5.0%) / 預金保険機構(4.2%),A:賛成率低下
9085,北海道中央バス株式会社,なし,,,B:新規株主提案
9119,飯野海運株式会社,あり,1,三井住友信託銀行株式会社(2.9%),B:新規株主提案
9168,株式会社ライズ・コンサルティング・グループ,あり,10,アーカス・インベストメント・リミテッド(6.1%) / グランジャー・ピーク・グローバル・アドバイザーズ・エルエルシー(2.9%) / スパークス・アセット・マネジメント株式会社(3.0%) / モルガン・スタンレーＭＵＦＧ証券株式会社(3.1%) / 三井住友ＤＳアセットマネジメント株式会社(4.1%) / 朝日　竜樹(4.9%) / 株式会社三井住友銀行(0.0%) / 株式会社ＳＨＩＦＴ(32.5%) / Ｓｕｎｒｉｓｅ　Ｍａｎａｇｅｍｅｎｔ　（Ｎｏｎ－Ｕ．Ｓ．）　Ｌｉｍｉｔｅｄ　ＩＩＩ(1.1%) / Ｓｕｎｒｉｓｅ　Ｍａｎａｇｅｍｅｎｔ　Ｌｉｍｉｔｅｄ　ＩＩＩ(1.0%),A:賛成率低下
9308,乾汽船株式会社,あり,3,ＬＩＭ　Ａｄｖｉｓｏｒｓ　Ｌｉｍｉｔｅｄ(5.4%) / ＭＩＲＩ　Ｃａｐｉｔａｌ　Ｍａｎａｇｅｍｅｎｔ　ＬＬＣ(8.4%) / ＳＭＢＣ日興証券株式会社(0.1%),A:賛成率低下
9357,名港海運株式会社,あり,1,ＮＩＰＰＯＮ　ＡＣＴＩＶＥ　ＶＡＬＵＥ　ＦＵＮＤ　ＰＬＣ(4.1%),C:会社提案否決
9364,株式会社上組,あり,3,三井住友トラスト・アセットマネジメント株式会社(2.5%) / 谷川　龍二(7.0%) / 野村アセットマネジメント株式会社(4.9%),A:賛成率低下
9366,株式会社サンリツ,あり,2,大津　直樹(8.3%) / 重田　光時(7.9%),A:賛成率低下
9380,東海運株式会社,なし,,,A:賛成率低下
9381,株式会社エーアイテイー,あり,6,ロジスティード株式会社(20.1%) / 株式会社エイチアンドワイ(32.8%) / 矢倉　英一(0.0%) / ＦＭＲ　ＬＬＣ(9.1%) / Ｆｉｄｅｌｉｔｙ　Ｍａｎａｇｅｍｅｎｔ　＆　Ｒｅｓｅａｒｃｈ　Ｃｏｍｐａｎｙ　ＬＬＣ(4.8%) / Ｌマネジメント株式会社(0.0%),A:賛成率低下
9401,株式会社ＴＢＳホールディングス,なし,,,C:会社提案否決
9402,中部日本放送株式会社,あり,1,株式会社三菱ＵＦＪフィナンシャル・グループ(4.9%),B:新規株主提案
9404,日本テレビホールディングス株式会社,あり,3,キャピタル・リサーチ・アンド・マネージメント・カンパニー(6.3%) / 読売テレビ放送株式会社(6.5%) / 讀賣テレビ放送株式会社(6.5%),A:賛成率低下
9409,株式会社テレビ朝日ホールディングス,あり,2,東映株式会社(17.1%) / 株式会社朝日新聞社(19.5%),B:新規株主提案 + C:会社提案否決
9413,株式会社テレビ東京ホールディングス,あり,3,レオス・キャピタルワークス株式会社(5.3%) / 株式会社みずほ銀行(2.4%) / 株式会社日本経済新聞社(32.6%),C:会社提案否決
9433,ＫＤＤＩ株式会社,あり,4,トヨタ自動車株式会社(7.7%) / ブラックロック・ジャパン株式会社(1.7%) / 三井住友トラスト・アセットマネジメント株式会社(2.2%) / 京セラ株式会社(12.7%),A:賛成率低下
9444,株式会社トーシンホールディングス,あり,1,光通信株式会社(7.1%),A:賛成率低下
9468,株式会社ＫＡＤＯＫＡＷＡ,あり,6,シックスジョイ・ホンコン・リミテッド(8.0%) / ソニーグループ株式会社(10.0%) / 三井住友トラスト・アセットマネジメント株式会社(2.4%) / 株式会社カカオインベストメント(8.4%) / 野村證券株式会社(1.0%) / Ｏａｓｉｓ　Ｍａｎａｇｅｍｅｎｔ　Ｃｏｍｐａｎｙ　Ｌｔｄ．(15.2%),C:会社提案否決
9502,中部電力株式会社,あり,3,ブラックロック・ジャパン株式会社(1.7%) / 三井住友信託銀行株式会社(0.1%) / 株式会社三菱ＵＦＪフィナンシャル・グループ(0.6%),C:会社提案否決
9503,関西電力株式会社,あり,3,ブラックロック・ジャパン株式会社(1.8%) / 大阪市(6.1%) / 野村證券株式会社(0.0%),C:会社提案否決
9601,松竹株式会社,あり,1,株式会社三菱ＵＦＪフィナンシャル・グループ(3.1%),A:賛成率低下
9633,東京テアトル株式会社,あり,2,三井住友信託銀行株式会社(4.3%) / 有限会社キャピタル・マネジメント(5.0%),A:賛成率低下
9644,株式会社タナベコンサルティンググループ,あり,3,光通信株式会社(5.0%) / 楢﨑　十紀(8.9%) / 田邊　洋一郎(9.5%),A:賛成率低下
9684,株式会社スクウェア・エニックス・ホールディングス,あり,5,アヤル・ファースト・インベストメント・カンパニー(9.6%) / インベスコ・アセット・マネジメント株式会社(4.4%) / 福嶋　康博(19.3%) / 野村證券株式会社(1.6%) / ３Ｄ　Ｉｎｖｅｓｔｍｅｎｔ　Ｐａｒｔｎｅｒｓ　Ｐｔｅ．　Ｌｔｄ．(18.5%),A:賛成率低下
9706,日本空港ビルデング株式会社,あり,3,ブラックロック・ジャパン株式会社(1.2%) / 株式会社みずほ銀行(3.5%) / 株式会社三菱ＵＦＪフィナンシャル・グループ(3.3%),A:賛成率低下
9723,株式会社京都ホテル,なし,,,A:賛成率低下
9726,ＫＮＴ－ＣＴホールディングス株式会社,あり,1,ｆｕｎｄｎｏｔｅ株式会社(7.4%),A:賛成率低下
9831,株式会社ヤマダホールディングス,あり,1,株式会社テックプランニング(6.8%),A:賛成率低下
9882,株式会社イエローハット,あり,6,ティー・ロウ・プライス・ジャパン株式会社(2.9%) / 三井住友ＤＳアセットマネジメント株式会社(4.0%) / 株式会社イエローハット(0.0%) / 株式会社ストラテジックキャピタル(13.8%) / 遠藤　幸一(6.1%) / 阿部　英司(0.0%),C:会社提案否決
9885,株式会社　シャルレ,あり,1,林　充孝(5.0%),A:賛成率低下 + B:新規株主提案
9887,株式会社松屋フーズホールディングス,あり,1,瓦葺　利夫(20.2%),A:賛成率低下
9913,日邦産業株式会社,あり,4,ＡＸＩＵＭ　ＣＡＰＩＴＡＬ　ＰＴＥ．ＬＴＤ．(17.0%) / ＦＭＲ　ＬＬＣ(9.5%) / Ｆｉｄｅｌｉｔｙ　Ｍａｎａｇｅｍｅｎｔ　＆　Ｒｅｓｅａｒｃｈ　Ｃｏｍｐａｎｙ　ＬＬＣ(8.2%) / Ｓｗｉｓｓ－Ａｓｉａ　Ｆｉｎａｎｃｉａｌ　Ｓｅｒｖｉｃｅｓ　Ｐｔｅ．　Ｌｔｄ．(0.0%),A:賛成率低下
9930,北沢産業株式会社,あり,3,光通信株式会社(4.9%) / 杉山　肇(7.0%) / 株式会社テンポスホールディングス(6.0%),A:賛成率低下
9956,株式会社バローホールディングス,あり,2,三井住友信託銀行株式会社(0.4%) / 田代　正美(2.5%),A:賛成率低下
9982,タキヒヨー株式会社,あり,2,株式会社旭洋興産(4.8%) / ＵＧＳアセットマネジメント株式会社(7.2%),B:新規株主提案 + C:会社提案否決
